Question,Reponse,Categorie,SousTheme,Source
Quels sont les moyens de communication officiels utilisés par SUP'PTIC Cameroun pour informer les étudiants ?,"SUP'PTIC Cameroun utilise principalement son site web officiel, les courriels institutionnels, les affichages physiques sur le campus, ainsi que les réseaux sociaux comme Facebook et Twitter pour informer les étudiants des actualités et événements.",Communication & Vie Institutionnelle,Moyens de communication,https://e-supptic.cm/
Comment puis-je rejoindre les clubs et associations au sein de SUP'PTIC Cameroun ?,"Pour rejoindre un club ou une association, les étudiants doivent consulter les annonces publiées via les panneaux d'affichage et le site web, puis contacter les responsables ou participer aux séances d’inscription organisées en début d'année académique.",Communication & Vie Institutionnelle,Vie associative,https://e-supptic.cm/
Existe-t-il une plateforme dédiée pour les échanges entre étudiants et administration à SUP'PTIC ?,"Oui, SUP'PTIC dispose d'une plateforme numérique intégrée accessible via le portail étudiant qui facilite les échanges directs entre étudiants, enseignants et l'administration pour les questions académiques et administratives.",Communication & Vie Institutionnelle,Plateformes numériques,https://e-supptic.cm/
Quels documents dois-je fournir pour m'inscrire aux activités parascolaires ?,"Il faut généralement fournir une copie de la carte d’étudiant, une autorisation parentale si nécessaire, et un formulaire d'inscription propre à l'activité, disponible auprès des responsables concernés ou sur le site de SUP'PTIC.",Communication & Vie Institutionnelle,Inscriptions aux activités,https://e-supptic.cm/
Comment accéder aux services administratifs de SUP'PTIC Cameroun ?,"Les services administratifs sont accessibles au campus, dans les bureaux dédiés, ainsi qu'en ligne via le portail étudiant pour certaines démarches comme la consultation des notes ou la demande de documents officiels.",Communication & Vie Institutionnelle,Services administratifs,https://e-supptic.cm/
Quels sont les canaux officiels pour signaler un problème lié à la vie sur le campus ?,"Les étudiants peuvent signaler leurs problèmes via le bureau de la vie estudiantine, par e-mail à l'administration ou en utilisant le formulaire de contact disponible sur le site officiel de SUP'PTIC Cameroun.",Communication & Vie Institutionnelle,Gestion des incidents,https://e-supptic.cm/
Y a-t-il des formations sur la communication disponibles au sein de SUP'PTIC ?,"Oui, SUP'PTIC propose des modules et ateliers sur la communication écrite et orale, ainsi que sur les techniques de présentation, destinés aux étudiants souhaitant améliorer leurs compétences dans ce domaine.",Communication & Vie Institutionnelle,Formations complémentaires,https://e-supptic.cm/
Comment obtenir un certificat de scolarité à SUP'PTIC Cameroun ?,Le certificat de scolarité peut être demandé auprès du service des inscriptions et est téléchargeable via le portail étudiant après authentification.,Communication & Vie Institutionnelle,Documents administratifs,https://e-supptic.cm/
Quelles sont les règles de communication interne entre étudiants et professeurs ?,SUP'PTIC encourage une communication respectueuse et formelle via les canaux officiels tels que l'e-mail institutionnel et les rencontres prévues. Toute communication doit respecter la courtoisie et les horaires fixés par les enseignants.,Communication & Vie Institutionnelle,Communication interne,https://e-supptic.cm/
Comment signaler un manquement ou une injustice dans la vie institutionnelle ?,"Les étudiants peuvent adresser une plainte écrite au service de médiation ou au bureau de la vie estudiantine, ou utiliser le formulaire disponible en ligne pour garantir un traitement confidentiel et impartial.",Communication & Vie Institutionnelle,Gestion des conflits,https://e-supptic.cm/
Quel est le rôle du Comité de la Vie Étudiante à SUP'PTIC ?,"Le Comité de la Vie Étudiante agit comme un intermédiaire entre les étudiants et l'administration, organisant des événements, gérant les activités culturelles et sportives, et défendant les intérêts des étudiants.",Communication & Vie Institutionnelle,Structures étudiantes,https://e-supptic.cm/
Comment être informé des événements culturels et sportifs sur le campus ?,"Les informations sont diffusées par affichage, via le site internet, la newsletter institutionnelle, et les réseaux sociaux officiels de SUP'PTIC Cameroun.",Communication & Vie Institutionnelle,Événements campus,https://e-supptic.cm/
Quels sont les horaires des bureaux administratifs pour les étudiants ?,"Les bureaux administratifs sont ouverts du lundi au vendredi, de 8h30 à 16h30, avec une pause déjeuner de midi à 13h30. Il est conseillé de prendre rendez-vous pour certaines démarches spécifiques.",Communication & Vie Institutionnelle,Horaires et accès,https://e-supptic.cm/
Comment puis-je proposer une idée ou un projet pour améliorer la vie étudiante ?,Les propositions peuvent être soumises auprès du Comité de la Vie Étudiante par écrit ou via un formulaire disponible sur le site web. Elles seront examinées lors des réunions dédiées aux initiatives étudiantes.,Communication & Vie Institutionnelle,Participation étudiante,https://e-supptic.cm/
Quelles mesures sont en place pour garantir la liberté d'expression sur le campus ?,SUP'PTIC promeut un environnement de respect mutuel où la liberté d’expression est encouragée dans le cadre du respect des règles institutionnelles et de la législation en vigueur.,Communication & Vie Institutionnelle,Liberté et règles,https://e-supptic.cm/
Comment obtenir un badge ou une carte d'étudiant à SUP'PTIC ?,"La carte d'étudiant est délivrée après inscription administrative auprès du service concerné. Elle est obligatoire pour accéder aux différents services et au campus, et doit être renouvelée annuellement.",Communication & Vie Institutionnelle,Identification étudiante,https://e-supptic.cm/
Quels supports de communication sont mis à disposition pour les associations étudiantes ?,"Les associations peuvent utiliser des panneaux d’affichage, la newsletter institutionnelle et les médias sociaux officiels de SUP'PTIC pour communiquer leurs activités et événements.",Communication & Vie Institutionnelle,Communication associative,https://e-supptic.cm/
Quels sont les codes de conduite relatifs à la communication sur les réseaux sociaux ?,"Les étudiants doivent respecter les valeurs de l'institution, éviter toute forme de propos discriminatoires ou diffamatoires, et faire preuve de responsabilité lorsqu'ils représentent SUP'PTIC sur les réseaux sociaux.",Communication & Vie Institutionnelle,Charte de communication,https://e-supptic.cm/
Y a-t-il un service de conseil ou d’accompagnement pour les étudiants en difficulté psychologique ?,"Oui, SUP'PTIC met à disposition un service d’orientation et de soutien psychologique accessible sur rendez-vous, garantissant confidentialité et assistance professionnelle.",Communication & Vie Institutionnelle,Soutien étudiant,https://e-supptic.cm/
Comment puis-je accéder au calendrier officiel des activités institutionnelles ?,Le calendrier est publié annuellement sur le site officiel de SUP'PTIC et est également disponible en version imprimée à l'accueil de l'établissement.,Communication & Vie Institutionnelle,Planification et agenda,https://e-supptic.cm/
Quels sont les canaux pour recevoir des alertes en cas d'urgence sur le campus ?,"Les alertes sont communiquées via SMS, e-mail, annonces sur le site web, ainsi que par haut-parleur en cas d'urgence immédiate sur le campus.",Communication & Vie Institutionnelle,Gestion de crise,https://e-supptic.cm/
Puis-je proposer un sujet de conférence ou d'atelier à SUP'PTIC ?,"Oui, les étudiants et enseignants peuvent proposer des sujets en contactant le bureau de la vie institutionnelle qui évalue la pertinence et la programmation de ces activités.",Communication & Vie Institutionnelle,Initiatives académiques,https://e-supptic.cm/
Quels supports de communication interne sont utilisés pour les annonces administratives ?,"Les annonces sont diffusées via le portail étudiant, des emails institutionnels, et affichées dans les locaux administratifs et espaces communs du campus.",Communication & Vie Institutionnelle,Diffusion d’informations,https://e-supptic.cm/
Comment se déroule la mise à jour des informations personnelles dans le dossier étudiant ?,"La mise à jour se fait en ligne via le portail étudiant ou directement auprès du bureau des inscriptions, avec un justificatif selon la nature de la modification.",Communication & Vie Institutionnelle,Gestion des dossiers,https://e-supptic.cm/
Quelles sont les règles en vigueur concernant l’affichage des posters et flyers sur le campus ?,L'affichage est soumis à autorisation préalable du service de la vie étudiante et doit respecter les zones dédiées et les normes de contenu institutionnel ou associatif.,Communication & Vie Institutionnelle,Réglementation d'affichage,https://e-supptic.cm/
Comment participer aux élections des représentants des étudiants à SUP'PTIC ?,Les étudiants doivent être inscrits et à jour dans leurs obligations afin de voter ou se présenter aux élections organisées chaque année par le bureau de la vie étudiante.,Communication & Vie Institutionnelle,Démocratie étudiante,https://e-supptic.cm/
Existe-t-il un guide de bonnes pratiques en matière de communication institutionnelle pour les étudiants ?,"Oui, un guide est disponible sur le site web de SUP'PTIC, détaillant les principes et bonnes pratiques à suivre dans les communications officielles et extra-scolaires.",Communication & Vie Institutionnelle,Charte et guide,https://e-supptic.cm/
Comment obtenir une copie du règlement intérieur relatif à la vie étudiante ?,Le règlement intérieur est téléchargeable sur le site de SUP'PTIC ou disponible en version papier auprès du bureau de la vie institutionnelle.,Communication & Vie Institutionnelle,Documents réglementaires,https://e-supptic.cm/
Quels types de formations complémentaires sont offerts pour améliorer la communication professionnelle ?,"Des ateliers en prise de parole, rédaction professionnelle, et gestion des réseaux sociaux sont régulièrement proposés aux étudiants souhaitant développer ces compétences.",Communication & Vie Institutionnelle,Développement des compétences,https://e-supptic.cm/
Comment accéder aux rapports annuels de la vie institutionnelle ?,Ces rapports sont publiés sur le site officiel de SUP'PTIC ou peuvent être consultés au bureau de la vie institutionnelle sur demande.,Communication & Vie Institutionnelle,Transparence institutionnelle,https://e-supptic.cm/
Quel est le rôle du service de communication de SUP'PTIC Cameroun ?,"Le service de communication assure la diffusion officielle des informations, la gestion des relations publiques, et la coordination des campagnes de sensibilisation au sein de l'établissement.",Communication & Vie Institutionnelle,Organisation institutionnelle,https://e-supptic.cm/
Puis-je obtenir un appui pour l'organisation d'un évènement étudiant ?,"Oui, le service de la vie étudiante peut assister dans la logistique, la communication et les démarches administratives nécessaires à l'organisation d'événements sur le campus.",Communication & Vie Institutionnelle,Organisation évènementielle,https://e-supptic.cm/
Quels sont les canaux pour recevoir les bulletins météorologiques et alertes climat sur le campus ?,Ces informations sont diffusées via le portail étudiant et les SMS d'alerte en cas de conditions météorologiques exceptionnelles pour assurer la sécurité de tous.,Communication & Vie Institutionnelle,Sécurité et alertes,https://e-supptic.cm/
Comment être informé des missions de bénévolat proposées par SUP'PTIC ?,"Les opportunités de bénévolat sont publiées sur le site web, affichées dans les espaces communs et sur les réseaux sociaux officiels de l'établissement.",Communication & Vie Institutionnelle,Engagement citoyen,https://e-supptic.cm/
Quelles sont les principales règles concernant la tenue vestimentaire sur le campus ?,"SUP'PTIC demande aux étudiants de respecter une tenue décente et appropriée, évitant les vêtements provocateurs ou inadaptés aux activités académiques et institutionnelles.",Communication & Vie Institutionnelle,Reglement disciplinaire,https://e-supptic.cm/
Comment accéder aux archives des communications institutionnelles des années précédentes ?,"Les archives sont consultables en ligne dans la section dédiée du site de SUP'PTIC, ou en version papier sur demande auprès du service communication.",Communication & Vie Institutionnelle,Archives et documentation,https://e-supptic.cm/
Le campus organise-t-il des séminaires sur la gestion du stress et la communication interpersonnelle ?,"Oui, SUP'PTIC organise régulièrement des séminaires et ateliers visant à améliorer les compétences psychosociales, incluant la gestion du stress et la communication efficace.",Communication & Vie Institutionnelle,Bien-être étudiant,https://e-supptic.cm/
Quels sont les contacts à privilégier pour toute question liée à la vie institutionnelle ?,"Le bureau de la vie institutionnelle reste le premier point de contact, accessible via email, téléphone ou directement au campus durant les heures d'ouverture.",Communication & Vie Institutionnelle,Contacts et support,https://e-supptic.cm/
Puis-je bénéficier d’un accompagnement personnalisé en cas de conflit avec un membre du corps enseignant ?,"Oui, le service de médiation de SUP'PTIC propose un accompagnement confidentiel et impartial pour résoudre les conflits entre étudiants et membres du personnel enseignant.",Communication & Vie Institutionnelle,Médiation et résolution de conflits,https://e-supptic.cm/
Quelles sont les responsabilités des représentants étudiants élus ?,"Les représentants étudiants ont pour mission de faire le lien entre les étudiants et l’administration, de défendre les intérêts collectifs, et de participer à la vie institutionnelle via diverses commissions.",Communication & Vie Institutionnelle,Représentation étudiante,https://e-supptic.cm/
Comment participer aux campagnes de sensibilisation organisées par SUP'PTIC ?,Les étudiants peuvent s'inscrire auprès du bureau de la vie étudiante ou via les annonces sur les canaux officiels pour prendre part aux campagnes thématiques régulièrement menées sur le campus.,Communication & Vie Institutionnelle,Sensibilisation et prévention,https://e-supptic.cm/
Quels sont les outils mis à disposition pour favoriser la communication entre étudiants internationaux et locaux ?,"SUP'PTIC organise des sessions d’accueil, des ateliers interculturels, et utilise des plateformes collaboratives pour encourager les échanges entre étudiants internationaux et locaux.",Communication & Vie Institutionnelle,Intégration et interculturalité,https://e-supptic.cm/
Comment signaler une violation des règles de bonne conduite sur le campus ?,"Les signalements doivent être adressés au bureau de la vie institutionnelle via le formulaire dédié en ligne ou en personne, assurant la confidentialité et un traitement équitable du dossier.",Communication & Vie Institutionnelle,Signalement d'incidents,https://e-supptic.cm/
Le campus propose-t-il une assistance pour la rédaction des courriers officiels ?,"Oui, un service de soutien à la rédaction est disponible pour aider les étudiants à formuler leurs courriers administratifs ou académiques de manière professionnelle.",Communication & Vie Institutionnelle,Soutien rédactionnel,https://e-supptic.cm/
Quels sont les engagements de SUP'PTIC en matière de communication transparente ?,"SUP'PTIC s'engage à diffuser régulièrement des informations claires, accessibles, et vérifiées afin d'assurer la transparence vis-à-vis des étudiants, du personnel et du public.",Communication & Vie Institutionnelle,Déontologie et transparence,https://e-supptic.cm/
Comment organiser une campagne de communication au sein de SUP'PTIC ?,Il faut soumettre un projet détaillé au service communication pour validation et bénéficier d'un accompagnement dans la diffusion via les supports institutionnels et numériques.,Communication & Vie Institutionnelle,Organisation de campagnes,https://e-supptic.cm/
Quels sont les droits et devoirs des étudiants en matière de participation à la vie institutionnelle ?,"Les étudiants ont le droit de contribuer aux décisions et de s’engager dans diverses activités, tout en respectant les règles internes, la discipline, et le cadre de fonctionnement de SUP'PTIC.",Communication & Vie Institutionnelle,Droits et devoirs,https://e-supptic.cm/
Puis-je obtenir un exemplaire des procès-verbaux des conseils étudiants ?,"Oui, ces documents sont accessibles sur demande auprès du bureau de la vie étudiante ou parfois publiés sur le portail interne dans la section dédiée à la gouvernance étudiante.",Communication & Vie Institutionnelle,Transparence et gouvernance,https://e-supptic.cm/
Comment se déroule la communication des résultats académiques à SUP'PTIC ?,"Les résultats sont publiés sur le portail étudiant de façon sécurisée, avec la possibilité d’obtenir des relevés de notes officiels au bureau des inscriptions.",Communication & Vie Institutionnelle,Diffusion des résultats,https://e-supptic.cm/
Comment puis-je m'inscrire aux activités culturelles organisées par SUP'PTIC Cameroun ?,"Pour vous inscrire aux activités culturelles, consultez les affichages officiels sur le site intranet SUP'PTIC ou rendez-vous au service de la vie institutionnelle. Un calendrier des événements est régulièrement publié pour faciliter vos inscriptions.",Communication & Vie Institutionnelle,Activités culturelles,https://e-supptic.cm/
Quels sont les canaux officiels de communication de SUP'PTIC Cameroun pour les étudiants ?,"SUP'PTIC privilégie plusieurs canaux : le site officiel, la plateforme e-learning, les newsletters électroniques, les groupes WhatsApp officiels, ainsi que les affichages dans les locaux pour diffuser les informations importantes aux étudiants.",Communication & Vie Institutionnelle,Canaux de communication,https://e-supptic.cm/
Comment signaler un problème lié à la vie institutionnelle au sein de SUP'PTIC ?,Les étudiants peuvent adresser leurs préoccupations au bureau de la vie institutionnelle par e-mail officiel ou en déposant un formulaire de signalement disponible au secrétariat. Une procédure stricte de suivi assure le traitement rapide des problèmes.,Communication & Vie Institutionnelle,Gestion des plaintes,https://e-supptic.cm/
Existe-t-il un club ou une association étudiante au sein de SUP'PTIC Cameroun ?,"Oui, SUP'PTIC dispose de plusieurs clubs et associations étudiantes portant sur différents centres d'intérêt comme l'informatique, la culture, le sport et le volontariat. Ils sont encadrés par la vie institutionnelle et régulièrement animés par des réunions et activités.",Communication & Vie Institutionnelle,Associations étudiantes,https://e-supptic.cm/
Quelles sont les étapes pour obtenir une attestation de scolarité à SUP'PTIC ?,"Pour obtenir votre attestation de scolarité, connectez-vous à votre espace étudiant sur la plateforme officielle ou adressez-vous au service administratif. Le document est disponible en téléchargement ou en retrait physique après vérification des données.",Communication & Vie Institutionnelle,Documents administratifs,https://e-supptic.cm/
Comment rester informé des dates importantes du calendrier académique ?,"Les dates clés sont publiées sur le site officiel de SUP'PTIC, communiquées via la newsletter institutionnelle et affichées dans les espaces dédiés. Il est conseillé de consulter régulièrement ces supports pour ne manquer aucune échéance.",Communication & Vie Institutionnelle,Calendrier académique,https://e-supptic.cm/
Quelles sont les règles concernant l'utilisation des réseaux sociaux dans le cadre de SUP'PTIC ?,"Les étudiants sont encouragés à utiliser les réseaux sociaux de manière responsable, en respectant les valeurs et la réputation de SUP'PTIC. Toute publication diffamatoire ou contraire à l'éthique de l'institution est strictement interdite.",Communication & Vie Institutionnelle,Charte éthique et réseaux sociaux,https://e-supptic.cm/
Comment contacter le service de la vie institutionnelle pour une demande particulière ?,"Le service de la vie institutionnelle est accessible via e-mail officiel, par téléphone indiqué sur le site web, ou directement au bureau situé dans les locaux de SUP'PTIC. Les horaires d’ouverture sont également affichés en ligne.",Communication & Vie Institutionnelle,Contact services,https://e-supptic.cm/
Quelle procédure suivre pour proposer un projet ou une initiative étudiante ?,"Pour soumettre un projet, l’étudiant doit rédiger une proposition détaillée et la déposer au bureau de la vie institutionnelle. Celle-ci sera examinée par un comité qui peut demander une présentation oral avant validation et mise en œuvre.",Communication & Vie Institutionnelle,Initiatives étudiantes,https://e-supptic.cm/
Y a-t-il une plateforme officielle pour les annonces et communications institutionnelles ?,"Oui, SUP'PTIC met à disposition une plateforme en ligne dédiée qui centralise toutes les annonces officielles, appels à candidature, résultats et autres communications importantes à destination des étudiants et du personnel.",Communication & Vie Institutionnelle,Plateforme communication,https://e-supptic.cm/
Quelles sont les règles en matière de respect et de comportement au sein de SUP'PTIC ?,"SUP'PTIC promeut un environnement respectueux et inclusif. Les règles de cohabitation incluent le respect mutuel entre étudiants, enseignants et personnels, l’interdiction des discriminations et la lutte active contre le harcèlement sous toutes ses formes.",Communication & Vie Institutionnelle,Règlement intérieur,https://e-supptic.cm/
Comment obtenir des informations sur les bourses et aides sociales offertes par SUP'PTIC ?,Les informations sur les bourses et aides sont diffusées via le service social et le site officiel sous la rubrique 'aides financières'. Vous pouvez aussi contacter directement le service social pour un accompagnement personnalisé.,Communication & Vie Institutionnelle,Aides financières,https://e-supptic.cm/
Est-ce que SUP'PTIC organise des séances d'orientation pour les nouveaux étudiants ?,"Oui, chaque rentrée est accompagnée de séances d’orientation pour aider les nouveaux étudiants à s’intégrer, comprendre le fonctionnement institutionnel et découvrir les services qui leur sont dédiés.",Communication & Vie Institutionnelle,Orientation académique,https://e-supptic.cm/
Comment accéder à la bibliothèque numérique de SUP'PTIC Cameroun ?,"L’accès à la bibliothèque numérique est réservé aux étudiants inscrits via leur espace personnel sur la plateforme e-supptic. Vous pourrez y consulter des ressources académiques, articles et supports pédagogiques en ligne.",Communication & Vie Institutionnelle,Ressources documentaires,https://e-supptic.cm/
Quels sont les horaires d'ouverture du service de la vie institutionnelle ?,"Le service de la vie institutionnelle est ouvert du lundi au vendredi, de 8h00 à 17h00, avec une pause déjeuner entre 12h00 et 13h00. Ces horaires sont affichés sur le site officiel et à l'entrée du bureau.",Communication & Vie Institutionnelle,Horaires services,https://e-supptic.cm/
Peut-on télétravailler ou suivre des cours à distance via la plateforme SUP'PTIC ?,"Oui, SUP'PTIC propose un enseignement hybride avec une plateforme en ligne accessible pour suivre certains cours, travaux dirigés et examens à distance selon le calendrier et les modalités définies par les responsables pédagogiques.",Communication & Vie Institutionnelle,Enseignement à distance,https://e-supptic.cm/
Comment s'inscrire aux ateliers de développement personnel organisés par SUP'PTIC ?,Les inscriptions s'effectuent via la plateforme de la vie institutionnelle ou directement au bureau lors des annonces des prochaines sessions. Ces ateliers sont gratuits et ouverts à tous les étudiants intéressés.,Communication & Vie Institutionnelle,Ateliers et formations,https://e-supptic.cm/
Quels sont les événements institutionnels majeurs auxquels les étudiants doivent participer ?,"Parmi les événements majeurs figurent la cérémonie de rentrée, les journées portes ouvertes, les forums de l'emploi, ainsi que les activités associatives et culturelles. La participation est vivement encouragée et parfois obligatoire selon le niveau d’études.",Communication & Vie Institutionnelle,Événements institutionnels,https://e-supptic.cm/
SUP'PTIC a-t-il un service dédié à la médiation en cas de conflit entre étudiants ou avec le personnel ?,"Oui, un service de médiation et de conseil est disponible au sein de la vie institutionnelle pour accompagner la résolution des conflits de manière confidentielle et apaisée, favorisant un climat serein dans l'établissement.",Communication & Vie Institutionnelle,Médiation et conflits,https://e-supptic.cm/
Quels sont les moyens pour un étudiant de s’impliquer dans la vie démocratique de SUP'PTIC ?,"Les étudiants peuvent élire leurs représentants aux conseils d’administration, participer aux assemblées générales, intégrer les commissions thématiques et contribuer activement aux débats et prises de décision relatives à la vie de l’établissement.",Communication & Vie Institutionnelle,Participation étudiante,https://e-supptic.cm/
Comment se déroule la communication des résultats académiques à SUP'PTIC ?,Les résultats sont publiés sur la plateforme en ligne sécurisée accessible via l’espace étudiant. Des notifications par e-mail ou SMS peuvent être envoyées pour annoncer la mise en ligne des notes. Le service pédagogique reste disponible pour tout complément d’information.,Communication & Vie Institutionnelle,Diffusion résultats,https://e-supptic.cm/
Quel est le rôle du comité de gestion de la vie institutionnelle chez SUP'PTIC ?,"Le comité supervise l'organisation des activités, la gestion des conflits, la coordination des clubs étudiants et la mise en œuvre des politiques visant à améliorer le cadre de vie des étudiants et du personnel au sein de l'institution.",Communication & Vie Institutionnelle,Gouvernance institutionnelle,https://e-supptic.cm/
Existe-t-il un bulletin d'information périodique à SUP'PTIC ?,"Oui, le service communication publie régulièrement un bulletin numérique qui recense les actualités, événements, réussites étudiants et annonces importantes accessibles à toute la communauté SUP'PTIC.",Communication & Vie Institutionnelle,Communication interne,https://e-supptic.cm/
Quelles sont les procédures à suivre pour organiser un événement officiel au sein de SUP'PTIC ?,"Le porteur de projet doit soumettre une demande écrite au service de la vie institutionnelle avec le détail de l'événement, les besoins matériels et financiers. Après validation, un planning est établi et une communication officielle est mise en place.",Communication & Vie Institutionnelle,Organisation d'événements,https://e-supptic.cm/
Comment SUP'PTIC assure-t-il la communication en cas de crise ou d'urgence ?,"Une cellule de crise est activée pour diffuser rapidement les informations via les canaux institutionnels : SMS, e-mails, et affichages pour garantir la sécurité et l'information de la communauté en temps réel.",Communication & Vie Institutionnelle,Communication de crise,https://e-supptic.cm/
Quels sont les critères d’éligibilité pour être membre d’une association étudiante à SUP'PTIC ?,Toute personne régulièrement inscrite à SUP'PTIC peut adhérer à une association étudiante. Certaines associations peuvent exiger une inscription formelle ou la participation régulière aux activités pour valider l’adhésion.,Communication & Vie Institutionnelle,Associations étudiantes,https://e-supptic.cm/
Le campus de SUP'PTIC dispose-t-il d’espaces dédiés à la communication institutionnelle ?,"Oui, le campus possède des panneaux d’affichage dédiés pour les annonces officielles, ainsi que des salles de réunion équipées pour les activités de communication et d’information aux étudiants.",Communication & Vie Institutionnelle,Infrastructures,https://e-supptic.cm/
Comment les étudiants peuvent-ils proposer des améliorations concernant la vie institutionnelle ?,"Ils peuvent adresser leurs propositions par écrit au service de la vie institutionnelle, participer aux assemblées générales étudiantes ou joindre leurs représentants lors des réunions de conseil pour porter leurs idées et suggestions.",Communication & Vie Institutionnelle,Participation étudiante,https://e-supptic.cm/
Quels sont les supports de communication disponibles pour les nouveaux étudiants ?,"Des guides d’accueil, des brochures explicatives et des vidéos d’orientation sont mis à disposition sur la plateforme et lors des journées d’accueil pour faciliter l’intégration et la prise d’information.",Communication & Vie Institutionnelle,Supports d'information,https://e-supptic.cm/
SUP'PTIC a-t-il une politique de protection des données personnelles des étudiants ?,"Oui, SUP'PTIC respecte la législation en vigueur en matière de protection des données personnelles avec des procédures de confidentialité strictes pour garantir la sécurité des informations collectées et utilisées dans le cadre institutionnel.",Communication & Vie Institutionnelle,Protection des données,https://e-supptic.cm/
Comment accéder aux convocations et informations relatives aux examens ?,"Les convocations sont disponibles via la plateforme en ligne de SUP'PTIC, envoyées également par courrier électronique. Il est important de vérifier régulièrement ces supports pour ne pas manquer vos sessions d'examen.",Communication & Vie Institutionnelle,Examens et convocations,https://e-supptic.cm/
Quelles procédures suivre pour obtenir une autorisation d’absence justifiée ?,L’étudiant doit déposer une demande écrite accompagnée des justificatifs au service de la vie institutionnelle avant la date prévue d’absence pour validation et enregistrement dans le dossier administratif.,Communication & Vie Institutionnelle,Gestion des absences,https://e-supptic.cm/
Quels sont les outils numériques de communication utilisés par SUP'PTIC pour la collaboration ?,"SUP'PTIC utilise des outils tels que la messagerie institutionnelle, les forums de discussion intégrés à la plateforme e-learning, ainsi que des applications de visioconférence pour faciliter les échanges entre étudiants et enseignants.",Communication & Vie Institutionnelle,Outils numériques,https://e-supptic.cm/
Comment signaler un abus ou un comportement inapproprié dans l’institution ?,Un système de signalement confidentiel est mis en place via le service de la vie institutionnelle. Vous pouvez également contacter directement le chargé de médiation qui assurera un suivi adapté conformément aux règles institutionnelles.,Communication & Vie Institutionnelle,Signalement et éthique,https://e-supptic.cm/
Y a-t-il des formations spécifiques sur la communication disponibles pour les étudiants ?,Des modules et ateliers pratiques sur la communication écrite et orale sont proposés régulièrement pour renforcer les compétences relationnelles et professionnelles des étudiants de SUP'PTIC.,Communication & Vie Institutionnelle,Formations complémentaires,https://e-supptic.cm/
Comment fonctionne la communication entre les enseignants et les étudiants ?,"La communication se fait principalement via la plateforme e-learning, les messageries électroniques et lors des sessions de cours. Les enseignants communiquent régulièrement les consignes, supports et retours d'évaluation aux étudiants par ces moyens.",Communication & Vie Institutionnelle,Communication pédagogique,https://e-supptic.cm/
Peut-on organiser des manifestations pacifiques sur le campus ?,"Les manifestations doivent faire l'objet d'une déclaration préalable auprès du service de la vie institutionnelle afin d'assurer le respect des réglementations, la sécurité et le bon déroulement des activités sur le campus.",Communication & Vie Institutionnelle,Vie démocratique,https://e-supptic.cm/
Que faire en cas de problème technique sur la plateforme de communication SUP'PTIC ?,Contactez immédiatement le support technique via le formulaire de contact dédié sur le site officiel ou par e-mail. Une équipe spécialisée intervient pour résoudre les problèmes dans les plus brefs délais.,Communication & Vie Institutionnelle,Support technique,https://e-supptic.cm/
Comment participer aux élections des représentants étudiants ?,"La Commission Électorale organise les scrutins sur convocation. Il convient d'être inscrit sur les listes électorales, de déposer sa candidature dans les délais impartis, et de vous rendre aux bureaux de vote aux dates communiquées sur la plateforme.",Communication & Vie Institutionnelle,Élections étudiantes,https://e-supptic.cm/
Comment accéder aux informations sur les stages et opportunités professionnelles ?,"SUP'PTIC diffuse régulièrement via son service d’insertion professionnelle et la plateforme institutionnelle les offres de stages, d'emplois et de partenariats afin de favoriser l’insertion des étudiants dans le milieu professionnel.",Communication & Vie Institutionnelle,Insertion professionnelle,https://e-supptic.cm/
Quelles sont les règles concernant la publicité sur le campus ?,Toute publicité ou affichage doit être approuvé par le service de la vie institutionnelle. Les messages commerciaux ou politiques sont réglementés afin de garantir le respect des valeurs et de la neutralité de l’institution.,Communication & Vie Institutionnelle,Communication institutionnelle,https://e-supptic.cm/
Comment recevoir la newsletter institutionnelle de SUP'PTIC ?,La newsletter est automatiquement envoyée aux adresses e-mail institutionnelles des étudiants et personnels. Vous pouvez aussi vous abonner via le site officiel pour recevoir les dernières informations et actualités.,Communication & Vie Institutionnelle,Communication interne,https://e-supptic.cm/
Existe-t-il un code de bonne conduite pour les étudiants de SUP'PTIC ?,"Oui, un code de bonne conduite est en vigueur, il définit les comportements attendus, les sanctions en cas de manquement, et vise à promouvoir un environnement harmonieux et respectueux au sein de la communauté universitaire.",Communication & Vie Institutionnelle,Règlement intérieur,https://e-supptic.cm/
Quels sont les processus pour modifier mes informations personnelles dans la base institutionnelle ?,"Pour toute modification de données personnelles, vous devez soumettre une demande officielle accompagnée des justificatifs requis au service administratif qui effectuera la mise à jour après vérification.",Communication & Vie Institutionnelle,Gestion des données,https://e-supptic.cm/
Comment participer aux initiatives de développement durable organisées par SUP'PTIC ?,"Les étudiants sont invités à s’inscrire aux comités et événements liés au développement durable via le service de la vie institutionnelle, où ils peuvent également proposer des projets environnementaux innovants.",Communication & Vie Institutionnelle,Engagement étudiant,https://e-supptic.cm/
Quelles sont les dispositions pour les étudiants en situation de handicap concernant la communication institutionnelle ?,"SUP'PTIC met en place des aménagements spécifiques comme des supports adaptés, des canaux de communication personnalisés et un accompagnement dédié pour assurer l’accès à l’information à tous les étudiants en situation de handicap.",Communication & Vie Institutionnelle,Accessibilité,https://e-supptic.cm/
Est-il possible de recevoir un soutien psychologique au sein de SUP'PTIC ?,"Oui, un service de soutien psychologique est accessible aux étudiants afin d’accompagner leur bien-être et leur réussite académique. Les rendez-vous sont pris via le service de la vie institutionnelle.",Communication & Vie Institutionnelle,Accompagnement étudiant,https://e-supptic.cm/
Quels sont les moyens pour les étudiants internationaux de s’intégrer dans la vie institutionnelle ?,"Des séances d’accueil spécifiques, des ateliers interculturels et des clubs multiculturels sont proposés pour favoriser l’intégration et la communication entre étudiants locaux et internationaux sur le campus de SUP'PTIC.",Communication & Vie Institutionnelle,Intégration internationale,https://e-supptic.cm/
Comment se déroule la communication de crise liée à la santé sur le campus ?,"En cas de crise sanitaire, SUP'PTIC active un protocole de communication incluant alertes immédiates, mise à jour régulière via les canaux officiels et conseils pratiques pour garantir la santé de tous les membres de la communauté.",Communication & Vie Institutionnelle,Communication de crise,https://e-supptic.cm/
SUP'PTIC offre-t-il des services d’aide à la rédaction administrative ou académique ?,"Oui, des ateliers d’aide à la rédaction, encadrés par des professionnels, sont régulièrement organisés pour accompagner les étudiants dans leurs travaux académiques et correspondances administratives.",Communication & Vie Institutionnelle,Soutien académique,https://e-supptic.cm/
Comment puis-je obtenir un badge d'accès aux locaux de SUP'PTIC ?,Le badge est remis après inscription et validation des dossiers au service de la vie institutionnelle. Il est obligatoire pour accéder aux bâtiments et à certains services spécifiques du campus.,Communication & Vie Institutionnelle,Sécurité et accès,https://e-supptic.cm/
